,Channel_name,Video_name,yt_link,video_date,duration,views,likes
0,Luke Barousse,Data Analyst vs. Data Scientist (funny!),i8PKI_zJfDU,2022-05-24 13:00:17+00:00,PT4M55S,20543,1185
1,Luke Barousse,How I use Excel as a Data Analyst,lw6sPHH7twk,2022-05-16 09:00:30+00:00,PT11M38S,97461,3783
2,Luke Barousse,PROJECTS that landed Data Jobs for my Subscribers,5Q0gB7imNOo,2022-04-13 09:00:02+00:00,PT9M33S,51164,2829
3,Luke Barousse,They became Data Analysts with THIS - Google Data Analytics Certificate: One Year Later,MSlIfGSI6bo,2022-04-01 09:00:10+00:00,PT14M1S,94238,3721
4,Luke Barousse,How I find projects as a Data Analyst,NQSe-SuykJU,2022-03-07 10:00:12+00:00,PT12M9S,42299,2251
5,Luke Barousse,How I learned how to learn,W5qAY4XidHE,2022-02-25 10:00:13+00:00,PT12M14S,50641,2730
6,Luke Barousse,The book every Data Analyst should read,09JnFEdZe2A,2022-02-08 10:00:00+00:00,PT10M34S,96681,5121
7,Luke Barousse,How I use SQL as a Data Analyst,GEBzsz8ZSXs,2022-01-28 10:00:07+00:00,PT15M30S,238301,9033
8,Luke Barousse,Why you should NOT be a Data Analyst,NAuuqdzC_rI,2022-01-14 10:00:08+00:00,PT12M14S,105909,2751
9,Luke Barousse,How I Would Learn to be a Data Analyst,CC66RXeTn_4,2022-01-05 10:00:04+00:00,PT12M30S,476012,19295
10,Luke Barousse,Top Courses to Become a Data Analyst,aqRxZSrJLEc,2021-12-27 10:00:01+00:00,PT13M35S,171858,9041
11,Luke Barousse,DON'T get a Mac for Data Science?? - MacOS Vs. Windows,U4vh2EClJic,2021-12-16 12:00:14+00:00,PT9M36S,65008,1967
12,Luke Barousse,"M1 Chip is as FAST as M1 Max!!! ü§Ø  (13"" Mac Air Vs. 14"" Mac Pro) #shorts",egtF-C5WIpk,2021-12-10 13:00:17+00:00,PT58S,442684,15583
13,Luke Barousse,M1 Max/Pro vs M1 Macbook for Data Science.... should you?!?,1sQDJSQBUe4,2021-12-07 13:00:00+00:00,PT17M22S,59440,1643
14,Luke Barousse,How I learn Data Science as a Data Analyst #shorts,NrVYzpy4Xns,2021-11-24 10:00:08+00:00,PT49S,28374,1576
15,Luke Barousse,Data Scientist vs Data Engineer vs Data Analyst (funny!),y3TxcejHw-4,2021-11-22 13:00:22+00:00,PT4M15S,39748,1989
16,Luke Barousse,Building a bot to scrape job data‚Ä¶ How NOT to collect data,1kU_ASADlPY,2021-11-15 10:00:00+00:00,PT9M,41541,1435
17,Luke Barousse,How to get Data Analytics side jobs - NEW LinkedIn Feature  #shorts,TeZVQ9hsgTM,2021-11-09 10:00:11+00:00,PT37S,28455,1675
18,Luke Barousse,BEST JOBS in Data Science,VrdnBxx8BBI,2021-11-03 11:00:11+00:00,PT15M39S,122561,4742
19,Luke Barousse,The BIGGEST MISTAKE when starting a data project!,W_mC_I0_fx4,2021-09-24 07:00:20+00:00,PT7M48S,21935,1303
20,Luke Barousse,Learn PYTHON to be a DATA ANALYST?!? (or is R enough...),Zcy-ND_4ydQ,2021-09-15 11:00:27+00:00,PT13M7S,128673,5409
21,Luke Barousse,How to show EXPERIENCE... when you have NONE?!?,VchXKvfCi3s,2021-09-01 13:00:29+00:00,PT11M25S,31532,1639
22,Luke Barousse,Use THIS to showcase EXPERIENCE in Data Science,z5mAumgV2rA,2021-08-24 13:00:24+00:00,PT9M19S,19004,1215
23,Luke Barousse,Get NOTICED in Data Science!!! (3 types of GREAT projects),cIZWgPmpRVc,2021-08-17 11:00:12+00:00,PT8M1S,75049,4005
24,Luke Barousse,Data Science - Expectation vs Reality (funny!) - ft. @Ken Jee,78LMtFItAdw,2021-08-06 15:00:11+00:00,PT7M39S,33480,1573
25,Luke Barousse,Staying Motivated in Data Science,ZWqH5emDdOI,2021-07-13 19:44:11+00:00,PT6M48S,11221,611
26,Luke Barousse,Get a JOB w/ Google Data Analytics Certificate?!? (ft. Certificate Holders),BEKXRqqgHCw,2021-07-01 04:15:47+00:00,PT14M43S,221774,8314
27,Luke Barousse,Transition into Data Science - My Tips & Story,3Ao2FV1r5-8,2021-06-16 17:23:28+00:00,PT11M25S,37042,1766
28,Luke Barousse,STOP using Spreadsheets for Everything!,3TBwY4VjLX8,2021-05-30 16:36:47+00:00,PT10M39S,134022,4543
29,Luke Barousse,Standout as a Data Analyst with THIS TOOL,aw14VK9sN2s,2021-05-08 13:44:38+00:00,PT14M32S,69712,2383
30,Luke Barousse,Python Project  - Using an API to count my bike jumps!,DNJfUPfSZpY,2021-04-28 17:09:48+00:00,PT12M23S,7232,327
31,Luke Barousse,THIS got me my job as a Data Analyst - My portfolio tip,MfUzKeEKtr8,2021-04-19 17:00:10+00:00,PT8M5S,208385,8840
32,Luke Barousse,Python Vs R (funny!),DGrszAeMZJI,2021-04-11 16:11:54+00:00,PT3M23S,94374,2804
33,Luke Barousse,Google vs IBM Data Analyst Certificate - BEST Certificate for Data Analysts,jp-Lv_3a2VI,2021-04-01 16:43:14+00:00,PT10M26S,495199,18831
34,Luke Barousse,Certificates vs Degree for Data Analysts (ft. Google Data Analytics Professional Certificate),Ush_KFSKNgg,2021-03-25 17:00:19+00:00,PT10M39S,48553,1932
35,Luke Barousse,Become a DATA ANALYST with NO degree?!? The Google Data Analytics Professional Certificate,fmLPS6FBbac,2021-03-17 19:50:14+00:00,PT11M36S,3211411,85164
36,Luke Barousse,Data Scientist vs Data Analyst (funny!),_r655ogzK4A,2021-03-11 18:00:21+00:00,PT4M5S,298469,7403
37,Luke Barousse,Mac Vs PC - BEST for Data Science,YZkcEtWgMGw,2021-03-04 18:00:17+00:00,PT14M34S,55639,1496
38,Luke Barousse,Power BI vs Tableau - Best BI Tool,axgNfM55dw8,2021-02-25 18:00:01+00:00,PT18M2S,241551,5858
39,Luke Barousse,Day in the life of a data analyst,GmTD-MBea_E,2021-02-18 18:00:07+00:00,PT7M51S,63194,1846
40,Luke Barousse,Data Science shortcuts for Mac,X4DBQTl7AfI,2021-02-10 12:00:21+00:00,PT12M33S,3227,161
41,Luke Barousse,Install your favorite Windows app on M1 Mac - ft. Parallels,hWs_q9NBBKM,2021-02-04 18:00:10+00:00,PT5M59S,34743,1003
42,Luke Barousse,Windows on the M1 Mac - What are your options?,W6N8n99htvw,2021-01-30 21:39:58+00:00,PT10M42S,259970,5382
43,Luke Barousse,Data Analyst's WFH Setup & Upgrades,18ZYDDIgIiM,2021-01-21 19:00:00+00:00,PT10M,33365,808
44,Luke Barousse,Python for M1 Mac vs Intel (SPOILER: M1 is 2x faster),Vor_OkEnxAA,2021-01-14 18:00:05+00:00,PT7M10S,15471,353
45,Luke Barousse,M1 Macbook Air vs Pro (8 vs 16 GB) for Data Science,xzR4L_XYW3g,2021-01-07 18:00:12+00:00,PT6M51S,90771,1980
46,Luke Barousse,M1 vs Intel Mac for Business Intelligence Tools #shorts,aULGH7zts0c,2021-01-03 03:39:18+00:00,PT31S,1342,22
47,Luke Barousse,M1 vs Intel Mac for Python #shorts,GZKDG2pyKhI,2021-01-03 00:17:39+00:00,PT31S,913,23
48,Luke Barousse,M1 vs Intel Mac for Excel #shorts,sW2w10lL1LM,2021-01-02 21:48:46+00:00,PT31S,1230,23
49,Luke Barousse,M1 vs Intel Mac for Data Science,vyPm2fOyS7Y,2021-01-02 02:04:41+00:00,PT15M4S,71200,1807
50,Luke Barousse,Top Non-technical Skills for Business Intelligence,YCcC8LQ5RGU,2020-12-19 19:19:01+00:00,PT26S,665,30
51,Luke Barousse,Top 3 Technical Skills for Business Intelligence (BI) #shorts,AfG4jS13X5c,2020-12-19 19:01:41+00:00,PT30S,863,31
52,Luke Barousse,What is Business Intelligence (BI)? #shorts,Dt2hHmTkoMg,2020-12-19 18:56:25+00:00,PT59S,934,46
53,Luke Barousse,How NOT to learn Python for Data Science,p04t7Ho-DEM,2020-11-25 02:09:27+00:00,PT7M42S,101526,3493
54,Luke Barousse,Lambda Functions for Data Science / Data Analysis - Python P.6,MJOYxUU0wRg,2020-11-19 01:00:16+00:00,PT17M10S,1918,94
55,Luke Barousse,Python Functions for Data Science / Data Analysis - P.5,WslmhWukJdM,2020-11-14 23:11:13+00:00,PT28M44S,2154,83
56,Luke Barousse,Python List Comprehension for Data Science / Data Analysis - P.4,MADnq-md0yw,2020-11-11 02:38:36+00:00,PT22M27S,1574,84
57,Luke Barousse,Python For & While Loops for Data Science / Data Analysis - P.3,NnfbVOt9IR0,2020-11-07 23:54:30+00:00,PT23M39S,2738,124
58,Luke Barousse,Python If Statements for Data Science / Data Analysis - P.2,eCN_GRRAoF8,2020-11-06 04:45:48+00:00,PT20M,2353,90
59,Luke Barousse,Python Objects frequently used in Data Science / Data Analysis - P.1,-3S_fS4yNA8,2020-11-04 16:19:34+00:00,PT19M44S,5690,245
60,Luke Barousse,Python for Data Science / Analysis  ft. 'The Office' Dataset - P.0,ip_HcMI0EQQ,2020-11-04 15:15:01+00:00,PT3M21S,9302,380
61,Luke Barousse,Using VS Code with Python for Data Science / Data Analysis - P.5,UuwlySU7Hjg,2020-10-27 02:02:10+00:00,PT28M3S,29474,684
62,Luke Barousse,Understanding Virtual Environments for Data Science / Data Analysis - P.4,qI0uJsLweoM,2020-10-20 14:28:34+00:00,PT20M9S,9441,358
63,Luke Barousse,Install VS Code with Python for Data Science / Data Analysis - P.3,HvAjnpA6mlA,2020-10-15 04:00:02+00:00,PT8M9S,7244,233
64,Luke Barousse,How to run Python for Data Science - Editors vs IDEs - P.2,sh_EZ9MEdsk,2020-10-12 15:49:35+00:00,PT11M6S,6963,225
65,Luke Barousse,Install Python for Data Science on Mac & Windows (PC) with Anaconda - P.1,xfAcErzOKN4,2020-10-11 00:18:10+00:00,PT9M3S,9756,341
66,Luke Barousse,Upload your dashboard to Tableau Public  - Tableau Tutorial P.10,9T-B7mBgYjs,2020-10-08 04:17:41+00:00,PT6M31S,4940,66
67,Luke Barousse,How To Create a Dashboard - Tableau Tutorial P.9,7Sdzs3fF5kw,2020-10-05 02:38:49+00:00,PT17M8S,1582,46
68,Luke Barousse,"Totals, Average Lines, & Trend Lines (Analytics Pane) - Tableau Tutorial P.8",HAY-3TnAi7Y,2020-10-01 03:21:39+00:00,PT9M16S,2458,48
69,Luke Barousse,Parameters (Create & Use in Calculated Fields and/or Visuals) - Tableau Tutorial P.7,u5HVoEA6KVU,2020-09-24 01:51:02+00:00,PT7M38S,2270,43
70,Luke Barousse,Calculated Fields in Tableau (Formulas & IF Statements) - Tableau Tutorial P.6,hB8Pbj870nI,2020-09-22 22:53:54+00:00,PT5M31S,8224,149
71,Luke Barousse,Conditional Format Tables in Tableau (Like Excel!) - Tableau Tutorial P.5,FQiehwXLKV4,2020-09-11 21:15:22+00:00,PT5M25S,3412,53
72,Luke Barousse,Create Stacked Bar Chart (and any other visuals EASILY!) w/ Show Me! - Tableau Tutorial P.4,IdZuTave8QY,2020-09-11 08:59:20+00:00,PT6M11S,808,36
73,Luke Barousse,Dimensions Vs Measures  (Blue Vs Green Data) - Tableau Tutorial P.3,W_5x9mURZe4,2020-09-09 23:37:15+00:00,PT11M18S,1221,46
74,Luke Barousse,How To Use Tableau Desktop Controls - Tableau Tutorial P.2,sgS4TauqhJM,2020-09-01 20:40:00+00:00,PT9M13S,1660,73
75,Luke Barousse,Connect Google Sheets to Tableau & Joining Data - Tableau Tutorial P.1,O8j7FeA9J_U,2020-08-14 19:13:54+00:00,PT7M31S,9479,194
76,techTFQ,Top 10 Tips for JOB Interview | Tips for Job Interview,H7YMumanHBA,2022-05-25 13:00:15+00:00,PT10M44S,3078,172
77,techTFQ,Solving SQL Query | Rows to Column in SQL,4p-G7fGhqRk,2022-05-18 13:21:24+00:00,PT1H13M11S,28111,815
78,techTFQ,Procedure Tutorial in SQL | SQL Stored Procedure | Procedure in SQL,yLR1w4tZ36I,2022-05-01 03:28:03+00:00,PT1H6M21S,30388,819
79,techTFQ,my Live SQL Course Announcement #shorts,-DiOp9vAEuM,2022-04-05 08:50:58+00:00,PT59S,5246,236
80,techTFQ,Best Online SQL Course to practically learn and practice SQL,O1o9m9T1c3k,2022-03-30 14:35:14+00:00,PT12M20S,17518,414
81,techTFQ,Recursive SQL Queries Tutorial | Learn to write SQL Queries using Recursion,7hZYh9qXxe4,2022-03-23 15:36:43+00:00,PT33M52S,33095,899
82,techTFQ,Solving SQL Interview Queries | Tricky SQL Interview Queries,aE623ff7zkM,2022-03-16 14:27:54+00:00,PT37M22S,67960,1690
83,techTFQ,How to learn SQL | Step by Step Guide on how to learn SQL,eXJGjbDo5KY,2022-03-02 13:27:49+00:00,PT23M30S,58889,1953
84,techTFQ,ANSI vs Non ANSI Joins in SQL | SQL Query Writing using ANSI and Non ANSI method,O52sweYbCyI,2022-02-23 13:58:34+00:00,PT32M13S,16651,384
85,techTFQ,SQL Views Tutorial | VIEWS in SQL Complete Tutorial,cLSxasHg9WY,2022-02-15 13:00:16+00:00,PT43M20S,44674,1047
86,techTFQ,Practice Writing SQL Queries on StrataScratch | How to Solve SQL Queries,l6XhSFAyvO0,2022-02-08 13:59:30+00:00,PT45M40S,83629,1925
87,techTFQ,Subquery in SQL | Correlated Subquery + Complete SQL Subqueries Tutorial,nJIEIzF7tDw,2022-02-01 13:00:24+00:00,PT1H10M44S,201367,4488
88,techTFQ,SQL JOINS Tutorial for beginners | Practice SQL Queries using JOINS - Part 2,RehbnzKHS28,2022-01-14 13:00:30+00:00,PT29M59S,43443,1576
89,techTFQ,SQL JOINS Tutorial for beginners | Practice SQL Queries using JOINS - Part 1,0OQJDd3QqQM,2022-01-06 13:00:00+00:00,PT35M23S,108833,3197
90,techTFQ,How to get your 1st DATA ANALYST Job | Data Analyst Job | How to become a Data Analyst,V6KPbGLYL4A,2021-12-29 14:58:00+00:00,PT22M47S,191659,6695
91,techTFQ,BEST Online Courses to Learn SQL and Practice SQL Queries | BEST SQL Courses,OIqm909GYYo,2021-12-22 13:11:25+00:00,PT9M11S,24647,805
92,techTFQ,REAL SQL Interview Question by a FAANG company | SQL Interview Query and Solution,xN2PRAd8IZQ,2021-12-08 13:00:37+00:00,PT46M47S,173038,3748
93,techTFQ,Top 25 SQL Interview Questions and Answers(The BEST SQL Interview Questions),AK7_m-aThfw,2021-12-01 13:00:04+00:00,PT26M21S,179175,6641
94,techTFQ,Practice SQL Interview Questions on LeetCode | Solve SQL Interview Questions (Practice SQL Queries),CYszyA2Xzdg,2021-11-18 13:00:11+00:00,PT49M54S,38761,1188
95,techTFQ,"Thank you for 10,000 Subscribers | Answering some of your questions",wT9ICgxRPYY,2021-11-06 13:15:04+00:00,PT9M36S,1395,90
96,techTFQ,Practice Writing SQL Queries using Real Dataset(Practice Complex SQL Queries),XruOBp7yPXU,2021-10-28 13:30:05+00:00,PT54M41S,48698,1630
97,techTFQ,Python Project to Scrape YouTube using YouTube Data API | Analyze and Visualize YouTube data,SwSbnmqk3zY,2021-10-13 13:00:13+00:00,PT1H9M34S,18021,766
98,techTFQ,Practice Complex SQL Queries | SQL Query to fetch N consecutive records,8p_OzqIJ_p4,2021-09-28 15:30:01+00:00,PT25M33S,34880,1288
99,techTFQ,ANACONDA Tutorial for Python | How to Install Anaconda on Mac OS and How to use Anaconda for Python,0Hhqf8L-b_0,2021-09-21 13:00:00+00:00,PT19M57S,15357,311
100,techTFQ,Connect to PostgreSQL from Python (Using SQL in Python) | Python to PostgreSQL,M2NzvnfS-hI,2021-09-13 11:54:03+00:00,PT22M58S,25479,718
101,techTFQ,SQL WITH Clause | How to write SQL Queries using WITH Clause | SQL CTE (Common Table Expression),QNfnuK-1YYY,2021-09-05 13:37:33+00:00,PT24M48S,139408,3447
102,techTFQ,STEP by STEP guide to Learn Python | How to learn PYTHON,PuBadaR8qC4,2021-08-29 14:34:03+00:00,PT9M32S,4157,257
103,techTFQ,Learn how to write SQL Queries(Practice Complex SQL Queries),FNYdBLwZ6cE,2021-08-22 12:54:58+00:00,PT49M56S,631139,15306
104,techTFQ,"SQL Window Function | How to write SQL Query using Frame Clause, CUME_DIST | SQL Queries Tutorial",zAmJPdZu8Rg,2021-08-13 17:28:34+00:00,PT54M31S,78186,3176
105,techTFQ,Learn how to use GitHub for Beginners | GitHub Tutorial,HJAwAKwFX-A,2021-08-06 13:58:43+00:00,PT23M9S,24158,717
106,techTFQ,Git Tutorial for Complete Beginners | Learn Git in 35 minutes,kY5HtrkjSj0,2021-07-16 12:00:32+00:00,PT36M39S,14702,727
107,techTFQ,Web Scraping in Python using Beautiful Soup | Writing a Python program to Scrape IMDB website,LCVSmkyB4v8,2021-07-05 12:00:04+00:00,PT37M30S,29239,1039
108,techTFQ,Thank you for 1000 subscribers | Channel update | Who am i? & What i do?,6x7vHXfRAP0,2021-06-23 12:00:02+00:00,PT4M22S,5768,139
109,techTFQ,Practice SQL and Python | How to Practice Programming | Using LeetCode,-DrSbc8B0WI,2021-06-08 11:52:31+00:00,PT8M57S,8047,267
110,techTFQ,Logging Tutorial in Python | DON‚ÄôT use Print for logging | How to Log messages in Python,gsa1oFn9n0M,2021-06-04 13:51:51+00:00,PT28M55S,14343,372
111,techTFQ,"SQL Window Function | How to write SQL Query using RANK, DENSE RANK, LEAD/LAG | SQL Queries Tutorial",Ww71knvhQ-s,2021-05-21 12:47:47+00:00,PT24M55S,219883,7706
112,techTFQ,How to Read and Write Files in Python | File Handling Tutorial in Python,Jsnw6HLASZA,2021-05-05 12:29:03+00:00,PT19M30S,3578,254
113,techTFQ,Regular Expressions in Python | Regular Expressions Python Tutorial,V_BozMwoYe4,2021-04-22 12:00:18+00:00,PT46M41S,4683,151
114,techTFQ,What is Data Science (for beginners) | Data Science for Beginners | Data Science Life Cycle,0wjPsKDrYt8,2021-04-08 12:00:01+00:00,PT5M49S,1780,81
115,techTFQ,Best Resume Format | Tips for writing an AWESOME Resume | ATS Resume Format,1-z9ptlBar4,2021-03-25 12:23:51+00:00,PT9M58S,46781,1431
116,techTFQ,Dictionary in Python (for beginners) | Python Dictionaries | Python Tutorial #10,35dXEQJkFE8,2021-03-18 12:00:31+00:00,PT12M58S,1233,36
117,techTFQ,Lists in Python EXPLAINED | Python Lists | Python Tutorial for Beginners #9,jgNB4GN1UaQ,2021-03-11 12:00:23+00:00,PT19M40S,1053,32
118,techTFQ,Exception Handling in Python | TRY EXCEPT in Python | Python Tutorial for Beginners #8,fhxByMe0mq8,2021-03-04 12:28:53+00:00,PT14M53S,2225,75
119,techTFQ,Local and Global Scope in Python | Local and Global Variables | Python Tutorial for Beginners #7,5bwpXLHzZRo,2021-03-01 13:00:02+00:00,PT11M26S,1383,55
120,techTFQ,What is a FUNCTION in Python | Python Functions | Python Tutorial for Beginners #6,UzOnFDmoJ9w,2021-02-22 13:00:25+00:00,PT9M57S,963,37
121,techTFQ,Import modules in Python | Import module from different directory | Python Tutorial for beginners #5,HNChkuE6HyA,2021-02-14 13:01:01+00:00,PT18M41S,30966,451
122,techTFQ,WHILE loop and FOR loop in Python | LOOP statements in Python | Python Tutorial for Beginners #4,2gFqUWO-AWM,2021-02-07 13:25:13+00:00,PT29M30S,1393,46
123,techTFQ,IF ELSE ELIF statement in Python | IF ELSE Statement in Python | Python Tutorial for Beginners #3,NvdSKgQcyuc,2021-01-31 14:58:15+00:00,PT23M55S,1034,40
124,techTFQ,What is a VARIABLE in Python | Python Variables | Python Tutorial for Beginners #2,BBb_duZIusU,2021-01-25 00:00:05+00:00,PT12M24S,1000,51
125,techTFQ,"What is DATA TYPE, OPERATORS and EXPRESSION in Python | Python Tutorial for Beginners #1",PRGkYivK2xI,2021-01-18 00:08:54+00:00,PT11M21S,1691,67
126,techTFQ,How to Install Python on Mac OS and How to Run Python code,M323OL6K5vs,2021-01-11 00:49:40+00:00,PT9M54S,198646,3040
127,techTFQ,Excel Alternative: How to use SQL to perform EXCEL tasks (SQL for Data Analysis),i7BjHjRafU8,2021-01-03 13:42:37+00:00,PT9M59S,14064,355
128,techTFQ,iPhone 12 Pro Unboxing | 5 Reasons to BUY iPhone 12 Pro,r2asdRpr3uw,2020-12-15 00:15:50+00:00,PT5M12S,895,34
129,techTFQ,SQL Basics Tutorial for Beginners (Practice SQL Queries),Hl4NZB1XR9c,2020-12-11 02:10:35+00:00,PT1H10M21S,397864,8445
130,techTFQ,How to install PostgreSQL on Mac OS | Install and Uninstall PostgreSQL Database,1aybOgni7lI,2020-11-16 02:28:09+00:00,PT20M51S,24033,280
131,techTFQ,Learn What is Database | Types of Database | DBMS,j09EQ-xlh88,2020-08-30 00:38:24+00:00,PT12M11S,74170,1463
132,techTFQ,Do you need a Smartwatch,7nzTDrio7vY,2020-07-12 15:32:36+00:00,PT7M43S,9599,169
133,techTFQ,MacBook Pro 13 2020  One Week Later Review,J-uCLHTIWZ4,2020-06-29 15:03:19+00:00,PT9M24S,1078,69
134,techTFQ,MacBook Pro 13 2020 Unboxing,_BMPh5M4BIY,2020-06-22 14:49:50+00:00,PT9M19S,1645,80
135,Thu Vu data analytics,üë©üèª‚Äçüíª How to learn Data Science FASTER,lpSw_RAPmgc,2022-05-21 01:00:10+00:00,PT14M4S,20439,1208
136,Thu Vu data analytics,Data Science Side Hustles: A Guide to Technical Writing ft. Sophia Yang,UiG8q67Z2XU,2022-05-06 15:49:46+00:00,PT8M43S,7491,353
137,Thu Vu data analytics,How to Learn Math for Data Science (and stay sane!),A8Abf3u0ZIs,2022-04-30 23:40:33+00:00,PT13M37S,90016,3481
138,Thu Vu data analytics,How to Create a Portfolio Website for Data Scienceüë©üèª‚Äçüíª | Stackbit + Netlify,OEVNDRZxgz8,2022-04-23 00:50:24+00:00,PT15M51S,6765,458
139,Thu Vu data analytics,"Data Science Career, Work-life Balance, Study: 15K Sub Q&A",lkMh1g41drk,2022-04-14 00:00:41+00:00,PT19M40S,7042,303
140,Thu Vu data analytics,üë©üèª‚Äçüíª Favorite Laptop for Data Science | Macbook M1 Pro 2021,qdzuq_o8-dI,2022-03-28 22:51:33+00:00,PT11M45S,15213,514
141,Thu Vu data analytics,How I come up with Data Project IDEAS üí°,eiZbEcMX3b4,2022-03-18 21:32:41+00:00,PT9M58S,13723,885
142,Thu Vu data analytics,How to Create a Beautiful Python Visualization Dashboard With Panel/Hvplot,uhxiXOTKzfs,2022-03-10 01:32:41+00:00,PT10M57S,169884,8159
143,Thu Vu data analytics,ü§¶üèª‚Äç‚ôÄÔ∏è Biggest Mistakes Aspiring Data Scientists Make,nNfco7k7Hi0,2022-02-25 12:14:09+00:00,PT7M26S,6398,417
144,Thu Vu data analytics,"Data Science Salaries in Amsterdam: Talking about Money ü§ë, Benefits & Dutch Working Culture",MsdyvI3ZI5k,2022-02-18 19:30:02+00:00,PT14M8S,4536,212
145,Thu Vu data analytics,What Data Science Courses DON'T TEACH YOU ü§´,U2v76H_B1rs,2022-02-06 18:21:13+00:00,PT13M4S,110896,5094
146,Thu Vu data analytics,Why I went back to school to study Computer Science (despite having a good job)üë©üèª‚Äçüíª,8PYJFSGlmmQ,2022-01-30 14:15:00+00:00,PT10M39S,4580,224
147,Thu Vu data analytics,Create a Unique Data Portfolio Project with Youtube API for Python,D56_Cx36oGY,2022-01-22 16:31:46+00:00,PT22M33S,9610,637
148,Thu Vu data analytics,üëâ STOP Using Jupyter Notebook! Here's the Better Tool,zai2pLUD9FA,2022-01-15 11:23:17+00:00,PT5M20S,129672,4005
149,Thu Vu data analytics,Data Analyst Career Transition: TOP 5 SKILLS (2022),ir2uJg4DF4k,2022-01-01 10:58:59+00:00,PT8M5S,4527,300
150,Thu Vu data analytics,ü§© Build Awesome Data Analytics Portfolio from Scratch in 2022 // 4 Portfolio project ideas,XYKuslcJp7A,2021-12-22 23:55:25+00:00,PT14M,80633,3590
151,Thu Vu data analytics,Awesome FREE cheat sheets for learning SQL & Python,qPxPoRNIUZk,2021-11-30 07:04:20+00:00,PT5M1S,2661,194
152,Thu Vu data analytics,Object-oriented Programming Visually Explained for Data scientists,q3gWZkQ4PjU,2021-11-14 22:49:22+00:00,PT7M24S,2376,125
153,Thu Vu data analytics,Is That Job Worth Taking? // Insights From 5 Years In Data Science,0srU1L8wL0U,2021-11-07 19:40:22+00:00,PT8M11S,900,49
154,Thu Vu data analytics,Project #3: 15 Minute Data Analysis Challenge in R // How much do I spend per month?,qjLHX3RCayI,2021-10-18 16:36:49+00:00,PT18M7S,2212,114
155,Thu Vu data analytics,Data Analysis: How Much STATISTICS Do You Need to Know?,Kq5iPtAc_3I,2021-09-24 07:12:53+00:00,PT13M49S,12061,628
156,Thu Vu data analytics,Data Analyst vs. Data Scientist vs. Business Analyst // Do you need a CS degree?,RM43xgiJhjQ,2021-09-06 22:31:16+00:00,PT7M23S,3122,179
157,Thu Vu data analytics,Why Data Analysis Sucks.,UQ08HuBrl7E,2021-08-29 22:27:43+00:00,PT7M32S,7735,369
158,Thu Vu data analytics,Project #2: Exploratory Data Analysis on Covid-19 Dataset | Data Profiling & Visualization,IjLRk2Q_A0U,2021-08-23 11:36:08+00:00,PT16M23S,3933,146
159,Thu Vu data analytics,üë©‚Äçüíº How to Ace Data Analyst Interviews // Prepare With Me ft. Alex the analyst,LEH8TtCCYbM,2021-08-14 17:00:12+00:00,PT12M17S,3400,199
160,Thu Vu data analytics,üë©‚Äçüíª A day in my life as a Data Science Consultant // WFH edition,CmC3FixsdIk,2021-08-08 15:48:28+00:00,PT4M53S,1521,47
161,Thu Vu data analytics,My Best R Tips for Data Analysts and Scientists,Y0c6cdbs4og,2021-08-07 09:59:35+00:00,PT10M29S,1747,118
162,Thu Vu data analytics,üë©‚Äçüíª Learn Data Analyses and Statistics Faster: Best Visual Learning Resources,XAoZbtIsgU0,2021-07-30 20:59:47+00:00,PT5M7S,2324,212
163,Thu Vu data analytics,üì∂ Google Data Analytics Certificate // Is it worth it + Pros and Cons,Q9LkrbgaRUI,2021-07-26 21:00:05+00:00,PT8M1S,3644,188
164,Thu Vu data analytics,How I Got a Data Analyst Job ü§©// Economics to Data Analyst Transition,C9dWbD1Rrvc,2021-07-12 22:03:54+00:00,PT9M13S,6743,373
165,Thu Vu data analytics,ü§îHow to Stand Out as a Junior Data Scientist/ Data Analyst,85X8D0-5mfc,2021-06-28 10:46:32+00:00,PT10M55S,3938,246
166,Thu Vu data analytics,Data Analyst Skill Stack // How I Became A Data Analyst,5LWoJAh-kww,2021-06-16 10:16:47+00:00,PT10M35S,10406,704
167,Thu Vu data analytics,Effective visual note-taking on iPad + Downloadable resources,_RzoHVWKwq4,2021-06-09 06:58:21+00:00,PT8M19S,2589,105
168,Thu Vu data analytics,Data scientist is NOT the only SEXY job // All data careers explained,hWKLO7GtpiU,2021-06-01 22:51:42+00:00,PT14M4S,2406,132
169,Thu Vu data analytics,"How I take notes on iPad Pro | Notion, Notes, Procreate for study and personal projects",dBZqggW22rs,2021-05-16 22:47:12+00:00,PT9M7S,2276,92
170,Thu Vu data analytics,How to stay focused and productive online with these computer tricks,QDdqsFCIxIk,2021-04-30 16:03:53+00:00,PT4M34S,1208,53
171,Alex The Analyst,Microsoft Power BI for Beginners | Installing Power BI | Building First Visualization,g0m5sEHPU-s,2022-05-24 10:30:06+00:00,PT12M50S,9784,525
172,Alex The Analyst,MySQL vs Postgresql vs Microsoft SQL Server | Which Option is Best?,Q7i6zxHVj2Q,2022-05-17 10:30:06+00:00,PT16M5S,15916,528
173,Alex The Analyst,Top 3 Tips to Stop Procrastinating to be Successful,ddn-2r1j_OU,2022-05-10 10:30:05+00:00,PT6M40S,24023,1250
174,Alex The Analyst,SQL vs NoSQL | What's the Difference?,Pf-9pjJK1e0,2022-05-03 10:30:03+00:00,PT5M55S,27568,892
175,Alex The Analyst,Database vs Data Warehouse vs Data Lake | What is the Difference?,-bSkREem8dM,2022-04-26 10:30:00+00:00,PT5M22S,144680,4712
176,Alex The Analyst,How I Manage My Time Working 60+ Hours Per Week | Alex The Analyst Show | Episode 22,xKdtP3IZbnU,2022-04-20 10:30:09+00:00,PT43M30S,8155,263
177,Alex The Analyst,200k Livestream! | Shaving | Puppies | Giveaway,GsAXOr715AU,2022-04-14 13:29:42+00:00,PT1H21M32S,2982,131
178,Alex The Analyst,Things I HATE About Being a Data Analyst,2JnlQ8jwWbE,2022-04-12 10:30:00+00:00,PT10M34S,15845,788
179,Alex The Analyst,Best Website to Practice Technical Interview Questions,hNTNZ00cZig,2022-04-05 10:30:07+00:00,PT21M45S,11606,506
180,Alex The Analyst,Pros and Cons of Working Remote | Alex The Analyst Show | Episode 21,gz2j5NBESSs,2022-03-29 10:30:17+00:00,PT48M50S,5394,227
181,Alex The Analyst,Full Project in Excel | Excel Tutorials for Beginners,opJgMj1IUrc,2022-03-22 10:30:15+00:00,PT40M50S,45217,1391
182,Alex The Analyst,Top 5 Non-Technical Skills for Data Analysts,yRWkSKRYCaI,2022-03-15 10:30:18+00:00,PT16M30S,15906,639
183,Alex The Analyst,Cleaning Data in Excel | Excel Tutorials for Beginners,_jmiEGZ6PIY,2022-03-01 11:30:14+00:00,PT21M4S,42433,1269
184,Alex The Analyst,Tableau Data Analyst Certification Review,4A8LV6fObYA,2022-02-22 11:30:01+00:00,PT12M49S,22182,732
185,Alex The Analyst,Job Title Alternatives for Data Analysts,MPENhkuSo0Q,2022-02-15 11:30:07+00:00,PT12M12S,20437,841
186,Alex The Analyst,Best Coursera Courses for Data Analysts in 2022,3irO29PJQHs,2022-02-08 11:30:01+00:00,PT9M32S,35847,2290
187,Alex The Analyst,Understanding Your Data Analyst Salary Offer | What To Know Before Accepting,uHJFJUIYNAo,2022-02-01 11:30:10+00:00,PT7M30S,16142,603
188,Alex The Analyst,Charts in Excel | Excel Tutorials for Beginners,gMAHXrty6wI,2022-01-25 11:30:18+00:00,PT15M11S,11029,402
189,Alex The Analyst,How I became a Data Analytics Manager | Alex The Analyst Show | Episode 20,BIUFr9srS78,2022-01-18 11:30:02+00:00,PT49M4S,19136,759
190,Alex The Analyst,Conditional Formatting in Excel | Excel Tutorials for Beginners,_eZRkmRfVTM,2022-01-11 11:30:08+00:00,PT21M6S,13516,425
191,Alex The Analyst,150k Subscriber Livestream!!,s3JmRxs53W4,2022-01-10 14:59:31+00:00,PT1H25M38S,3365,162
192,Alex The Analyst,How To Become A Data Analyst In 2022,yDG5KiiOZcQ,2022-01-04 11:30:11+00:00,PT13M,258826,12465
193,Alex The Analyst,XLOOKUP in Excel | Excel Tutorials for Beginners,Z7hPEwCzk2s,2021-12-28 11:30:06+00:00,PT18M47S,15954,529
194,Alex The Analyst,Formulas in Excel | Excel Tutorials for Beginners,XRPyj7cKVsQ,2021-12-21 11:30:07+00:00,PT33M54S,22967,822
195,Alex The Analyst,Pivot Tables in Excel | Excel Tutorials for Beginners,lH7HfwUFnYA,2021-12-14 11:30:07+00:00,PT17M35S,37172,1266
196,Alex The Analyst,Tableau Tutorial for Beginners | Full Project | Part 5/5,zOR0-nygfDE,2021-12-07 11:30:11+00:00,PT44M18S,30530,758
197,Alex The Analyst,Tableau Tutorial for Beginners | Joins | Part 4/5,A4SVUF-fTwc,2021-11-23 11:30:02+00:00,PT14M29S,16413,579
198,Alex The Analyst,Top 5 Major Red Flags in Job Descriptions,FnTunxd8tAM,2021-11-18 11:30:08+00:00,PT7M1S,13987,789
199,Alex The Analyst,Truth About My Job (Song) - As a Data Analyst,-_z_aphWSEo,2021-11-08 11:30:01+00:00,PT3M18S,8536,785
200,Alex The Analyst,How to Grow Your Analytics Career | Alteryx Webinar Oct 2021 | Tips to Break Into Analytics,pL0jEjeM5hI,2021-10-26 10:00:23+00:00,PT20M20S,10302,323
201,Alex The Analyst,Choosing a Domain to Make More Money,eg_5EAUXs5o,2021-10-19 10:00:16+00:00,PT8M41S,13920,719
202,Alex The Analyst,Tableau Tutorial for Beginners | Density Maps | Bar and Line Graphs | More Visualizations | Part 3/5,ebjDwX8sUMk,2021-10-05 11:30:14+00:00,PT14M5S,23679,736
203,Alex The Analyst,Tableau Tutorial for Beginners | Calculated Fields | Bins | Part 2/5,f6qxxtWkaUg,2021-09-28 11:30:07+00:00,PT6M25S,26570,847
204,Alex The Analyst,Tableau Tutorial for Beginners | Installing Tableau | Building First Visualization | Part 1/5,6xv1KvCMF1Q,2021-09-21 11:30:01+00:00,PT17M4S,92193,2892
205,Alex The Analyst,How NOT to Become a Data Analyst (Funny?),465x3JmMJYU,2021-09-07 11:30:01+00:00,PT4M51S,15707,684
206,Alex The Analyst,100k Subscriber Play Button Unboxing,Ns1ZpTxQnUE,2021-08-31 11:30:04+00:00,PT6M36S,2520,239
207,Alex The Analyst,Amazon Web Scraping Using Python | Data Analyst Portfolio Project,HiOtQMcI5wg,2021-08-24 11:30:01+00:00,PT47M14S,54198,1742
208,Alex The Analyst,Interviewing with PwC for a Senior Data Analyst Position,CUa30M_FPhk,2021-08-17 11:30:01+00:00,PT23M9S,57344,1628
209,Alex The Analyst,100k Livestream | Announcing Giveaway Winners | Trimming Mustache | Answering Questions,DKrSgSy6F1o,2021-08-13 14:38:59+00:00,PT1H2M8S,4660,190
210,Alex The Analyst,I Am No Longer a Data Analyst | Turning Down PwC | New Job,_zxPx1PQCqI,2021-08-11 11:30:05+00:00,PT15M59S,118982,3914
211,Alex The Analyst,When To Start Applying To Your First Data Analyst Job,UGF49YZZRNc,2021-07-21 11:30:04+00:00,PT4M11S,34717,2247
212,Alex The Analyst,Why You Need to Stop Taking Courses (From an Ex-Course Addict),aLp-6C-p-T0,2021-07-13 11:30:00+00:00,PT3M31S,124211,5426
213,Alex The Analyst,How to Create a Portfolio Website for FREE,ocdwh0KYeUs,2021-06-29 11:30:13+00:00,PT35M29S,77168,2659
214,Alex The Analyst,Data Analyst Portfolio Project | Correlation in Python | Project 4/4,iPYVYBtUTyE,2021-06-22 11:30:05+00:00,PT1H45S,55497,1331
215,Alex The Analyst,How To Get a Data Analyst Job (with No Experience),dMHWOhgzUhU,2021-06-08 11:30:12+00:00,PT7M37S,252094,12024
216,Alex The Analyst,My Wife Answers Subscribers Questions About Me | Alex The Analyst Show | Episode 19,A-LkxegXFX8,2021-06-03 11:30:01+00:00,PT26M25S,5507,225
217,Alex The Analyst,Favorite Tableau and Power BI Courses on Udemy,RJw-GSXXguA,2021-06-01 11:30:03+00:00,PT10M23S,18845,642
218,Alex The Analyst,Data Analyst Portfolio Project | Data Cleaning in SQL | Project 3/4,8rO7ztF4NtU,2021-05-25 11:30:01+00:00,PT54M44S,91300,2455
219,Alex The Analyst,Data Analyst Portfolio Project | Tableau Visualization | Project 2/4,QILNlRvJlfQ,2021-05-18 11:30:04+00:00,PT52M17S,150384,2656
220,Alex The Analyst,Asking My Family What I Do For a Living,SVv0WwPzaUg,2021-05-11 11:00:08+00:00,PT12M37S,3452,189
221,Alex The Analyst,Data Analyst Portfolio Project | SQL Data Exploration | Project 1/4,qfyynHBFOsM,2021-05-04 11:00:31+00:00,PT1H17M9S,523580,12339
222,Alex The Analyst,Advanced SQL Tutorial | Subqueries,m1KcNV-Zhmc,2021-04-20 11:00:32+00:00,PT8M37S,73580,2121
223,Alex The Analyst,Data Analyst Q/A #6 | Why Am I Not a Data Scientist?,IZRe0nwkuXc,2021-04-15 11:00:06+00:00,PT19M5S,18773,735
224,Alex The Analyst,Google vs IBM Data Analytics Certificates | Which is Better?,9RRQtNnq3s0,2021-04-13 11:00:04+00:00,PT5M58S,169929,6757
225,Alex The Analyst,Data Analyst Reacts: How to Go From Data Analyst to Data Scientist,qewHAdfzLOw,2021-04-06 11:00:12+00:00,PT12M28S,17987,672
226,Alex The Analyst,Laptops for Data Analysts |  Specifications + Recommendations,bHssBHfHWmU,2021-03-30 11:00:18+00:00,PT15M30S,78136,2067
227,Alex The Analyst,Best Machine Learning Courses on Coursera,A4OVjWeVb10,2021-03-23 11:00:02+00:00,PT6M39S,21993,823
228,Alex The Analyst,Will Data Analysts Be Automated? | Alex The Analyst | Episode 18,SIseim20_Dc,2021-03-18 11:00:08+00:00,PT28M7S,12891,410
229,Alex The Analyst,Advanced SQL Tutorial | Stored Procedures + Use Cases,NrBJmtD0kEw,2021-03-16 11:00:07+00:00,PT6M15S,73580,1711
230,Alex The Analyst,Google Data Analytics Professional Certificate | It's Finally Here!,wnapnTAMj68,2021-03-12 12:00:17+00:00,PT14M34S,270465,9096
231,Alex The Analyst,Google Data Analytics Certificate | Coming Out Soon!,duMcYRtQITA,2021-03-04 12:15:01+00:00,PT7M44S,50526,2371
232,Alex The Analyst,Reviewing Your Data Analyst Resumes | Part 2,QG1fo7LFesA,2021-03-02 12:00:08+00:00,PT40M36S,14186,393
233,Alex The Analyst,Best Course to Learn Statistics for Data Analysis,pYRG5X7110M,2021-02-25 12:00:13+00:00,PT6M12S,34433,1240
234,Alex The Analyst,DataQuest Review | Is it Worth it?,NViKsiGP4TY,2021-02-23 12:00:19+00:00,PT17M20S,12192,263
235,Alex The Analyst,R vs Python | Which is Better for Data Analysis?,1gdKC5O0Pwc,2021-02-16 12:00:00+00:00,PT11M51S,114082,2864
236,Alex The Analyst,Advanced SQL Tutorial | String Functions + Use Cases,GQj6_6V_jVA,2021-02-04 12:00:04+00:00,PT13M49S,27885,837
237,Alex The Analyst,Advanced SQL Tutorial | Temp Tables,RF0LE3hYFrI,2021-02-02 12:00:13+00:00,PT10M19S,46592,1199
238,Alex The Analyst,IBM Data Analyst Certificate Study Session,8o-O6pR6yAE,2021-01-30 15:33:41+00:00,PT1H21M50S,4783,171
239,Alex The Analyst,IBM Data Analyst Professional Certificate by Coursera | Is it Worth it?,eFDbE5Yunj0,2021-01-26 12:00:22+00:00,PT7M26S,63734,1932
240,Alex The Analyst,DataCamp Review | Is it Worth it?,D9bNctNnAig,2021-01-21 12:00:03+00:00,PT16M15S,83001,2042
241,Alex The Analyst,Best Python Course for Data Analysts,VsztBAEtC7c,2021-01-19 12:00:09+00:00,PT8M38S,26167,902
242,Alex The Analyst,Top 5 Data Analyst Skills,T3KMZoXrVTQ,2021-01-12 12:00:07+00:00,PT5M51S,17147,962
243,Alex The Analyst,Best Industries for Data Analysts in 2021 | Alex The Analyst Show | Episode 17,tJaDicmRW7s,2021-01-07 12:00:28+00:00,PT27M45S,10577,376
244,Alex The Analyst,Top 5 Data Analyst Interview Mistakes,hfRcaRw_atI,2021-01-05 12:00:10+00:00,PT5M28S,16946,638
245,Alex The Analyst,2020 Year End Review + Upcoming Giveaway Details,aPDOGxrONy0,2020-12-31 12:00:01+00:00,PT3M37S,1497,142
246,Alex The Analyst,Data Analyst Resume | Everything You Need to Know | Alex The Analyst Show | Episode 16,w25ZjL0OqT4,2020-12-24 12:00:19+00:00,PT51M26S,25078,801
247,Alex The Analyst,Solving Medium Level SQL LeetCode Questions | Part 2/3,EWPeAXrF3zg,2020-12-22 12:00:04+00:00,PT21M26S,7298,171
248,Alex The Analyst,Entry vs Mid vs Senior Level Data Analyst | Alex The Analyst Show | Episode 15,ru0Xdvxd37Q,2020-12-17 12:00:12+00:00,PT26M40S,26722,1000
249,Alex The Analyst,Data Engineer vs Data Analyst | Which Is Right For You?,BAVPAYWAoC4,2020-12-15 12:00:08+00:00,PT6M39S,33419,1269
250,Alex The Analyst,How to Find Out Your Coworkers Salary | Alex The Analyst Show | Episode 14,whgwEwA5SHU,2020-12-10 12:00:30+00:00,PT26M11S,2038,81
251,Alex The Analyst,Advanced SQL Tutorial | CTE (Common Table Expression),K1WeoKxLZ5o,2020-12-08 12:00:05+00:00,PT3M44S,70681,1271
252,Alex The Analyst,"Data Analyst Salary (Expectations, Bonuses, 401K, ESPP) | Alex The Analyst Show | Episode 13",0HRgbb1PcDQ,2020-12-03 12:00:00+00:00,PT27M8S,15366,552
253,Alex The Analyst,Intermediate SQL Tutorial | Partition By,D6XNlTfglW4,2020-12-01 12:04:43+00:00,PT4M14S,45921,1483
254,Alex The Analyst,Data Analyst Q/A LIVE #5 | AMA,MQ5UUNjWgug,2020-11-28 17:07:30+00:00,PT1H29M31S,2759,103
255,Alex The Analyst,Completely REALISTIC Jobs on LinkedIn | Alex The Analyst Show | Episode 12,JikLVP9DkPs,2020-11-25 11:00:05+00:00,PT26M43S,15612,615
256,Alex The Analyst,Completely Unrealistic Jobs on LinkedIn | Alex The Analyst Show | Episode 11,yzqpYs7dIqY,2020-11-19 15:00:26+00:00,PT22M9S,10470,436
257,Alex The Analyst,Top 3 Tips on Using LinkedIn to Land a Job,7uH7_DThtX0,2020-11-17 14:11:52+00:00,PT6M50S,60396,2990
258,Alex The Analyst,What is No Code Analytics? | Alex The Analyst Show | Episode 10,GGLF2jLo8J4,2020-11-12 12:34:08+00:00,PT22M35S,3012,106
259,Alex The Analyst,Solving LeetCode SQL Interview Questions | Part 1/3,BGBXnNvWdQ4,2020-11-10 15:02:50+00:00,PT27M13S,16684,468
260,Alex The Analyst,What is Analytics Consulting? With John Ariansen | Alex The Analyst Show | Episode 9,PurMLMKNX0I,2020-11-05 15:43:17+00:00,PT53M56S,7618,248
261,Alex The Analyst,Data Analyst Skills Path | What Skills You NEED to Know,pvxNYyJuiqA,2020-11-03 15:13:12+00:00,PT4M46S,49733,2650
262,Alex The Analyst,Data Analyst Q&A LIVE #4,rZpfNh28nFI,2020-10-30 15:13:53+00:00,PT1H9M10S,3027,95
263,Alex The Analyst,Asking My Wife Your Questions About Me | Alex The Analyst Show | Episode 8,brxnKIy6Cek,2020-10-27 16:06:53+00:00,PT29M35S,10074,433
264,Alex The Analyst,Top 10 Udemy Courses for Data Analysts,ySq0cgkZiX4,2020-10-22 15:14:21+00:00,PT10M57S,79920,2900
265,Alex The Analyst,Data Analyst Certifications | Are They Worth It? | Alex The Analyst Show | Episode 7,aJ9Q10v8Nrc,2020-10-20 14:08:32+00:00,PT33M17S,124850,4667
266,Alex The Analyst,Working at a Startup vs Fortune 500 Company | Alex The Analyst Show | Episode 6,C2ik_qR5GOU,2020-10-15 15:33:32+00:00,PT29M22S,3180,147
267,Alex The Analyst,Top 10 Coursera Courses for Data Analysts,mLUzFXPPa4I,2020-10-13 14:40:18+00:00,PT10M33S,75989,3644
268,Alex The Analyst,Imposter Syndrome in Tech | Alex The Analyst Show | Episode 5,XmFhpoS6Etk,2020-10-08 14:26:27+00:00,PT25M56S,5371,293
269,Alex The Analyst,Data Analyst Expectations vs Reality,1xT68oeQTd0,2020-10-06 14:52:33+00:00,PT3M56S,72731,2739
270,Alex The Analyst,Covid and the Data Analyst Job Market | Alex The Analyst Show | Episode 4,eTsHJoMmhYQ,2020-10-01 13:53:17+00:00,PT26M6S,6375,239
271,Alex The Analyst,Self Taught vs Boot Camp vs Degree | Alex The Analyst Show | Episode 3,8SolrjsGqzE,2020-09-24 15:29:17+00:00,PT28M,27262,968
272,Alex The Analyst,Top 5 Reasons You'll Be a Good Data Analyst,SKsjWzzz4mY,2020-09-22 13:03:29+00:00,PT3M44S,11248,526
273,Alex The Analyst,How I Changed Careers to Become a Data Analyst | Alex The Analyst Show | Episode 2,Z2AachB309o,2020-09-10 13:16:00+00:00,PT40M54S,287236,8944
274,Alex The Analyst,Top 5 Reasons Data Analytics is a Good Career Choice,_gP-DH0iZLw,2020-09-08 14:15:55+00:00,PT2M53S,26568,935
275,Alex The Analyst,The Hiring Process from an Interviewer's Perspective | Alex The Analyst Show | Episode 1,-Inc1be4zSg,2020-09-03 15:38:28+00:00,PT27M4S,12003,443
276,Alex The Analyst,Top 5 Reasons Not to Lie on Your Resume,CsMh7Ykmnw4,2020-09-01 12:29:45+00:00,PT3M57S,8199,163
277,Alex The Analyst,Live Data Analyst Q&A #3,ho2vzKPAD50,2020-08-29 14:37:52+00:00,PT1H2M18S,2278,87
278,Alex The Analyst,Data Analyst Career Path | How to Become a Data Analyst + What to Do Next,5MZo2RoS8Yo,2020-08-20 13:46:16+00:00,PT8M42S,110306,4145
279,Alex The Analyst,Top 5 Reasons Not to Become a Data Analyst,M2ySRYpo9S0,2020-08-12 14:52:19+00:00,PT5M18S,622144,13986
280,Alex The Analyst,Data Analyst Bootcamps | Are They Worth It?,ncXgqGePvwI,2020-08-05 13:14:01+00:00,PT5M46S,19063,376
281,Alex The Analyst,What Does a Data Analyst Actually Do?,ywZXpfdqg1o,2020-07-29 13:48:00+00:00,PT4M18S,398458,9061
282,Alex The Analyst,Data Analyst Question and Answer | Answering Your YouTube Questions,IqQCBytyATo,2020-07-22 14:35:55+00:00,PT5M49S,3233,146
283,Alex The Analyst,Scraping Data Off Twitter Using Python | Twitterscraper + NLP + Data Visualization,MpIi4HtCiVk,2020-07-15 14:00:20+00:00,PT6M41S,38748,1066
284,Alex The Analyst,Data Analyst vs Business Analyst | Which Is Right For You?,G4syHs3M82E,2020-07-03 14:17:52+00:00,PT4M40S,565790,14626
285,Alex The Analyst,Best Free Online Courses for Data Analysts,appOFpF2pFg,2020-06-23 13:55:50+00:00,PT4M59S,41120,2215
286,Alex The Analyst,Best Online Courses for Data Analysts,B2SPC3Wz1R8,2020-06-17 14:57:22+00:00,PT8M45S,141536,7665
287,Alex The Analyst,Data Scientist vs Data Analyst | Which Is Right For You?,fUpChfNN5Uo,2020-06-10 15:49:15+00:00,PT7M47S,562902,18067
288,Alex The Analyst,Intermediate SQL Tutorial | Aliasing,Dk7he_yEs4U,2020-06-04 14:00:10+00:00,PT6M12S,20376,719
289,Alex The Analyst,Data Analyst Q&A LIVE,LJtFgnHGAos,2020-05-31 13:54:38+00:00,PT51M45S,6304,189
290,Alex The Analyst,Data Analyst Interviews | Salary Negotiation,ziurEoqEcO4,2020-05-27 15:13:50+00:00,PT5M37S,13510,464
291,Alex The Analyst,Data Analyst Interview Questions | What To Say vs What NOT To Say,rLKC--8UYSw,2020-05-20 14:03:02+00:00,PT7M49S,29343,828
292,Alex The Analyst,SQL Interview Questions and Answers for Beginners | Data Analyst Interview Questions,sua7xKN0cPc,2020-05-13 15:00:26+00:00,PT8M2S,65400,1845
293,Alex The Analyst,Data Analyst Interview Questions | Phone + In-Person Interview Questions,fweZQqB0nwQ,2020-05-06 15:20:18+00:00,PT7M44S,45879,1007
294,Alex The Analyst,Day in the Life of a Data Analyst | Fortune 500 Edition (During Quarantine),oXAwKZWfbW0,2020-04-23 13:08:33+00:00,PT6M55S,13187,460
295,Alex The Analyst,Intermediate SQL Tutorial | Updating/Deleting Data,bhnrIforc7s,2020-04-16 12:58:52+00:00,PT4M37S,19947,630
296,Alex The Analyst,Intermediate SQL Tutorial | Having Clause,tYBOMw7Ob8E,2020-04-09 16:01:02+00:00,PT3M31S,24496,848
297,Alex The Analyst,Intermediate SQL Tutorial | Case Statement | Use Cases,Twusw__OzA8,2020-04-02 15:16:37+00:00,PT7M26S,55472,1651
298,Alex The Analyst,Intermediate SQL Tutorial | Unions | Union Operator,lYKkro6rKm0,2020-03-26 16:51:37+00:00,PT5M25S,43621,1098
299,Alex The Analyst,Intermediate SQL Tutorial | Inner/Outer Joins | Use Cases,9URM1_2S0ho,2020-03-19 15:40:58+00:00,PT15M53S,85295,1883
300,Alex The Analyst,Day in the Life of a Data Analyst | Fortune 500 Edition,qzZU6LAtIig,2020-03-11 13:44:54+00:00,PT4M20S,113264,2312
301,Alex The Analyst,SQL Basics Tutorial For Beginners | Group By + Order By Statements | 4/4,LXwfzIRD-Ds,2020-03-03 15:06:36+00:00,PT8M9S,47098,1789
302,Alex The Analyst,SQL Basics Tutorial For Beginners | Where Statement | 3/4,A9TOuDZTPDU,2020-03-02 16:01:01+00:00,PT7M58S,49314,1242
303,Alex The Analyst,SQL Basics Tutorial For Beginners | Select + From Statements | 2/4,PyYgERKq25I,2020-03-01 17:02:28+00:00,PT6M14S,74624,1515
304,Alex The Analyst,SQL Basics Tutorial For Beginners | Installing SQL Server Management Studio and Create Tables | 1/4,RSlqWnP-Dy8,2020-03-01 00:50:38+00:00,PT9M37S,276223,4868
305,Alex The Analyst,Data Analyst Fact Check |  84k Average Starting Salary?? | The Career Force 2020 Data Analyst Salary,9o9loJpG-t4,2020-02-26 15:11:22+00:00,PT7M34S,19064,684
306,Alex The Analyst,Data Analyst Resume | Reviewing YOUR Data Analyst Resumes!,Lacbh0VoT3g,2020-02-24 16:34:51+00:00,PT17M50S,15530,371
307,Alex The Analyst,Data Analyst Salary in 2020,oZKs2xMbXQE,2020-02-19 15:43:59+00:00,PT3M43S,7128,134
308,Alex The Analyst,Working With a Recruiter to Land Your First Job as a Data Analyst | LinkedIn Recruiters,N8f7NtDpbxA,2020-02-14 18:03:34+00:00,PT6M,7423,351
309,Alex The Analyst,Switching Careers to Become a Data Analyst | How I Made the Switch,wcKzdRVsMOw,2020-02-11 15:03:18+00:00,PT4M11S,40237,1504
310,Alex The Analyst,Data Analyst Resume | Complete Guide To Creating A Data Analyst Resume | Tips + Templates + Examples,Ns-8Jsa3mEM,2020-02-06 16:00:52+00:00,PT11M18S,60055,1992
311,Alex The Analyst,Data Analyst Resume | Reviewing My Resume! | Fortune 500 Data Analyst,4rfr6A3lO-Y,2020-01-30 14:07:55+00:00,PT7M33S,45849,1213
312,Alex The Analyst,Working at a Big Company Vs Small Company | Told by a Fortune 500 Data Analyst,OTq2NRy_AGs,2020-01-25 16:38:39+00:00,PT5M50S,9172,281
313,Alex The Analyst,Data Analyst Salary | 100k with No Experience,ya28cb3zFGE,2020-01-23 03:16:09+00:00,PT5M3S,46513,1698
314,Alex The Analyst,Truth About Big Companies | Told by a Fortune 500 Data Analyst,Hsi2BG0SOiQ,2020-01-21 03:52:15+00:00,PT5M45S,5648,222
315,Alex The Analyst,Top 3 Data Analyst Skills in 2020,6lQzbk6_OTw,2020-01-17 14:31:39+00:00,PT2M40S,22734,1164
